{"cameraMode":{"drawMode":0,"name":"Shaded","section":"Shading Mode"},"sceneLighting":true,"audioPlay":false,"sceneViewState":{"showFog":false,"showMaterialUpdate":false,"showSkybox":false,"showFlares":false,"showImageEffects":false,"showParticleSystems":false},"in2DMode":false,"pivot":{"x":20.61298942565918,"y":6.067054748535156,"z":22.380966186523439},"rotation":{"x":0.08572188019752503,"y":0.8962022662162781,"z":-0.1983623504638672,"w":0.38746050000190737},"size":18.248624801635743,"orthographic":false}